K	method	ari	nmi
2	UMAP	0.03060574021156753	0.09245169298052386
2	PaCMAP	0.00020135407048809507	0.00017118519238501877
2	t-SNE	0.012378370056872107	0.1315406494198385
2	TriMAP	-0.0013235602306737376	0.0004750591092958332
2	PHATE	0.3690698705271678	0.2433544407538744
2	PhyloAE	0.3126226949305953	0.3020438735482195
3	UMAP	0.057109603131342855	0.16501885426413124
3	PaCMAP	0.0031864863566820156	0.028799177169939242
3	t-SNE	0.029806166871971355	0.14600541662440247
3	TriMAP	0.020397382291432987	0.1329052095556123
3	PHATE	0.1521450588720788	0.19489001772362813
3	PhyloAE	0.16574224209097024	0.264773070496144
4	UMAP	0.0838180341642768	0.2521462404790754
4	PaCMAP	-0.0013725769418285725	0.06893143503774103
4	t-SNE	0.02811023697187789	0.22482992545171304
4	TriMAP	0.27602720188878166	0.32309327548345185
4	PHATE	0.22578435505691472	0.329033475421725
4	PhyloAE	0.16606951081888408	0.2807264488648653
5	UMAP	0.069661611183753	0.26053996066042545
5	PaCMAP	0.010276134968929743	0.09760485062462605
5	t-SNE	0.0439411823697884	0.24759673357863834
5	TriMAP	0.13384336616778952	0.27210302206673637
5	PHATE	0.10455671551214085	0.30311708391101444
5	PhyloAE	0.12157638884580713	0.2597280431325389
6	UMAP	0.030200929036549355	0.24725121732189892
6	PaCMAP	0.009461261040850788	0.13087235041073284
6	t-SNE	0.04091840893520561	0.20732612268363765
6	TriMAP	0.07785900226814309	0.2758024734897431
6	PHATE	0.115563170551958	0.33175405769359
6	PhyloAE	0.15998045870392016	0.348665698582652
7	UMAP	0.036024187284739446	0.2674626175199247
7	PaCMAP	0.03493091117401596	0.18781471567880645
7	t-SNE	0.09528323591993157	0.3733844361393269
7	TriMAP	0.10275296357278785	0.35041019346587354
7	PHATE	0.12107808588361506	0.3692381422638618
7	PhyloAE	0.15743349924189515	0.3442664751675872
8	UMAP	0.030924979782549725	0.2602866706520553
8	PaCMAP	0.021273118374436517	0.1735388360481615
8	t-SNE	0.08616944047620305	0.36672016779062794
8	TriMAP	0.07343618435432703	0.28052507992369763
8	PHATE	0.09519556354721619	0.37167246078733296
8	PhyloAE	0.1335936035589292	0.3409881392163864
9	UMAP	0.06776695399141495	0.31456852193008483
9	PaCMAP	0.053377350882351245	0.24053353434893524
9	t-SNE	0.0762090995934436	0.36665059470490247
9	TriMAP	0.13099260576550387	0.39853139175300495
9	PHATE	0.11949103240938252	0.40247312137596425
9	PhyloAE	0.15698813256731628	0.4120025565876262
10	UMAP	0.07439866092809332	0.3637599411684212
10	PaCMAP	0.03872440854294848	0.2528679969135455
10	t-SNE	0.0966609521827879	0.4225233008165916
10	TriMAP	0.13164527711863672	0.3911268096632236
10	PHATE	0.12386664947880376	0.43898204657702844
10	PhyloAE	0.20818021166990106	0.48585376828642435
11	UMAP	0.053139636480104925	0.32946869631251935
11	PaCMAP	0.03472773719430134	0.263224258960704
11	t-SNE	0.09611345327279988	0.43877247788117535
11	TriMAP	0.07815589302299074	0.3729112215199823
11	PHATE	0.10716650299364057	0.46152981736603543
11	PhyloAE	0.16338485372701564	0.47014609767575044
12	UMAP	0.03522434001826815	0.3263835541764007
12	PaCMAP	0.03913994550452965	0.2783990307767821
12	t-SNE	0.08725078518162818	0.44111702949455633
12	TriMAP	0.10469937004097493	0.44602427480451645
12	PHATE	0.09537767725240846	0.45098669581457335
12	PhyloAE	0.16195396823899103	0.5040071345012282
13	UMAP	0.06384148123908454	0.37167863235519866
13	PaCMAP	0.042756845963730306	0.29932798802514915
13	t-SNE	0.14247171002898462	0.5149996069934918
13	TriMAP	0.11766425096474034	0.4200172945001614
13	PHATE	0.10744557476133343	0.4772127105670562
13	PhyloAE	0.25251529258108835	0.5278139745287197
14	UMAP	0.06577619304436416	0.3753062718579402
14	PaCMAP	0.041741829422302874	0.3186529505568675
14	t-SNE	0.11280492590067537	0.5181756235843493
14	TriMAP	0.09595083695107505	0.4262349577825093
14	PHATE	0.13458667879992683	0.507884674137115
14	PhyloAE	0.2087819816097866	0.5389968015239437
15	UMAP	0.04683707665736893	0.36298917654729085
15	PaCMAP	0.0378719770278492	0.3221328869167342
15	t-SNE	0.09314610536230533	0.483050466230748
15	TriMAP	0.0824348457374738	0.41169049132503
15	PHATE	0.09482887440837748	0.4903118173804936
15	PhyloAE	0.16006311015343516	0.544224972728567
16	UMAP	0.05574477251424583	0.39611565309425023
16	PaCMAP	0.04019693681731168	0.3299456487791796
16	t-SNE	0.10720339256466173	0.5186670348543979
16	TriMAP	0.09183056366756258	0.4238679630671573
16	PHATE	0.10334813096466837	0.49813500716819575
16	PhyloAE	0.1729328316594828	0.5396996871389631
17	UMAP	0.056317494431817314	0.41101226850799294
17	PaCMAP	0.03427966578077239	0.3304238951255646
17	t-SNE	0.08480658607659164	0.4813335569477382
17	TriMAP	0.07926708748625051	0.428970646417843
17	PHATE	0.10175443473358531	0.5203244119266186
17	PhyloAE	0.2105726569488416	0.5826519937693158
18	UMAP	0.053637427197703244	0.41318501624328047
18	PaCMAP	0.046957724463355645	0.37644664847751247
18	t-SNE	0.10349209765684225	0.5366676264790305
18	TriMAP	0.09881066124830037	0.4483164157135588
18	PHATE	0.10912288684277958	0.5329826231810241
18	PhyloAE	0.17357841315557304	0.5953804593742184
19	UMAP	0.06142570104146073	0.42747822891112114
19	PaCMAP	0.05030167210045037	0.3694884963556792
19	t-SNE	0.1374582594530099	0.568648966946805
19	TriMAP	0.1046233866123941	0.465054548659335
19	PHATE	0.13640795377639192	0.5464082743232869
19	PhyloAE	0.22810184003382708	0.6263779642186478
20	UMAP	0.0918192822935133	0.46997266502813023
20	PaCMAP	0.06813594784004057	0.4139211366043707
20	t-SNE	0.14155911877141297	0.5931744125796596
20	TriMAP	0.12250107963851266	0.4952814850996744
20	PHATE	0.13408014337875618	0.5553451154944482
20	PhyloAE	0.20987982612171713	0.5990192486312532
21	UMAP	0.14059727423136223	0.5039111568527606
21	PaCMAP	0.09125274999508426	0.4232720940221185
21	t-SNE	0.17987128689990525	0.5753470654682196
21	TriMAP	0.1323242322015439	0.47376511292834433
21	PHATE	0.21314758766670294	0.5791097162210718
21	PhyloAE	0.22692599705013847	0.594926616576187
22	UMAP	0.14062705681982324	0.5070066085211438
22	PaCMAP	0.08379208310757147	0.4032960911142693
22	t-SNE	0.19458868880368407	0.6000824525157451
22	TriMAP	0.15363601510255878	0.4914966591809875
22	PHATE	0.24158616669889785	0.6109662348515458
22	PhyloAE	0.2199249488611642	0.582904198916668
23	UMAP	0.04801279680033318	0.45676651608572977
23	PaCMAP	0.04026025502420458	0.4052218127880553
23	t-SNE	0.11622446201592099	0.5803797722953693
23	TriMAP	0.0749622555791649	0.4636346365482243
23	PHATE	0.114894304308459	0.5753403164698488
23	PhyloAE	0.18640609592439564	0.6335770684233458
24	UMAP	0.1118371498108084	0.5271918496856026
24	PaCMAP	0.09883233318807734	0.47700567187834825
24	t-SNE	0.2168705404030025	0.6624818979424731
24	TriMAP	0.11804646348417043	0.5075695180615277
24	PHATE	0.1909258092168181	0.6168797994566384
24	PhyloAE	0.22264071075088396	0.6400405555103326
25	UMAP	0.07477711042530298	0.4930572669109727
25	PaCMAP	0.07582354400044744	0.4537367380559857
25	t-SNE	0.15120912491689756	0.632923155998213
25	TriMAP	0.11250125654508512	0.5039546296472973
25	PHATE	0.14485137092777386	0.6098986742084603
25	PhyloAE	0.2136079787949272	0.6494450142897361
26	UMAP	0.07569254969691087	0.5121950582121432
26	PaCMAP	0.05993960693888467	0.46589181613040775
26	t-SNE	0.15545745571370856	0.6697505412064495
26	TriMAP	0.10255349925435106	0.5117077476740904
26	PHATE	0.13348792595341738	0.6177497128052116
26	PhyloAE	0.209991554667429	0.6765581123152564
27	UMAP	0.1261964301581412	0.5343594749407801
27	PaCMAP	0.11337087584332785	0.5042649726789604
27	t-SNE	0.2155651970419187	0.6654814081116297
27	TriMAP	0.13451484255636523	0.5279867637140757
27	PHATE	0.18789390479148835	0.6093598264876399
27	PhyloAE	0.2045963728588069	0.6332978159636344
28	UMAP	0.08890745470864221	0.5478416512677444
28	PaCMAP	0.08678810992743022	0.5191109891374321
28	t-SNE	0.15812105048306566	0.6596592381137757
28	TriMAP	0.11106772196349962	0.5333655393039723
28	PHATE	0.1687113057934245	0.64319604849825
28	PhyloAE	0.23845863080071722	0.6710949683053008
29	UMAP	0.09391255464264753	0.5515098119678999
29	PaCMAP	0.07922493042666044	0.4965085996482514
29	t-SNE	0.18783013834544893	0.6891217944325745
29	TriMAP	0.12912783474314934	0.5367578123501724
29	PHATE	0.1771593325557419	0.6577469635365232
29	PhyloAE	0.20408720623363075	0.6708790646644924
30	UMAP	0.06548911460356895	0.5252007174421706
30	PaCMAP	0.061575946746556885	0.4861128292221574
30	t-SNE	0.13113765661865553	0.6584560296441432
30	TriMAP	0.0899383560169609	0.5250611041671234
30	PHATE	0.10490639778217986	0.6037663600165232
30	PhyloAE	0.15978690437207174	0.6539777404789052
